{
  "model_name": "linear_regression",
  "training_time": 0.008226,
  "cv_scores": {
    "mean_rmse": 0.6121018257395028,
    "std_rmse": 0.010399119234043068,
    "scores": [
      0.6184028780701943,
      0.5974432556087308,
      0.6204593435395831
    ]
  },
  "train_metrics": {
    "rmse": 0.6109228771914506,
    "mae": 0.4417735040487667,
    "r2": 0.7097889044561418,
    "mse": 0.3732267618758801
  },
  "test_metrics": {
    "rmse": 0.6273975123309335,
    "mae": 0.4515016103027216,
    "r2": 0.6886734488021373,
    "mse": 0.39362763847904386
  },
  "model_params": {
    "copy_X": true,
    "fit_intercept": true,
    "n_jobs": null,
    "positive": false,
    "tol": 1e-06
  }
}